GPMB0001,GPMB0001-MOBBBDP,MOBBBDP,0,1,1
GPMB0001,GPMB0001-MOBBBMIFI,MOBBBMIFI,0,0,1
GPMB0001,GPMB0001-MOBBBEX,MOBBBEX,0,0,3
GPMB0001,GPMB0001-MOBSRV,MOBSRV,0,1,1
GPMB0002,GPMB0002-MOBBBDP,MOBBBDP,0,1,1
GPMB0002,GPMB0002-MOBBBEX,MOBBBEX,0,0,3
GPMB0002,GPMB0002-MOBBBMIFI,MOBBBMIFI,0,0,1
GPMB0002,GPMB0002-MOBSRV,MOBSRV,0,1,1
GPMB0003,GPMB0003-MOBBBDP,MOBBBDP,0,1,1
GPMB0003,GPMB0003-MOBBBEX,MOBBBEX,0,0,3
GPMB0003,GPMB0003-MOBBBMIFI,MOBBBMIFI,0,0,1
GPMB0003,GPMB0003-MOBSRV,MOBSRV,0,1,1
GPMS001M,GPMS001M-MOBBOOST,MOBBOOST,0,0,10
GPMS001M,GPMS001M-MOBSRV,MOBSRV,0,2,2
GPMS001M,GPMS001M-ROAMLIMS,ROAMLIMS,0,0,1
GPMS001M,GPMS001M-SRVOPTS,SRVOPTS,0,0,9
GPMS002M,GPMS002M-MOBSRV,MOBSRV,0,2,2
GPMS002M,GPMS002M-ROAMLIMS,ROAMLIMS,0,0,1
GPMS002M,GPMS002M-SRVOPTS,SRVOPTS,0,0,9
GPMS003M,GPMS003M-MOBBOOST,MOBBOOST,0,0,10
GPMS003M,GPMS003M-MOBSRV,MOBSRV,0,2,2
GPMS003M,GPMS003M-ROAMLIMS,ROAMLIMS,0,0,1
GPMS003M,GPMS003M-SRVOPTS,SRVOPTS,0,0,9
GPMS004M,GPMS004M-MOBSRV,MOBSRV,0,2,2
GPMS004M,GPMS004M-ROAMLIMS,ROAMLIMS,0,0,1
GPMS004M,GPMS004M-SRVOPTS,SRVOPTS,0,0,9
GPMS005M,GPMS005M-MOBSRV,MOBSRV,0,2,2
GPMS005M,GPMS005M-ROAMLIMS,ROAMLIMS,0,0,1
GPMS005M,GPMS005M-SRVOPTS,SRVOPTS,0,0,9
GPMS006M,GPMS006M-MOBSRV,MOBSRV,0,2,2
GPMS006M,GPMS006M-ROAMLIMS,ROAMLIMS,0,0,1
GPMS006M,GPMS006M-SRVOPTS,SRVOPTS,0,0,9
GPMS007M,GPMS007M-MOBSRV,MOBSRV,0,2,2
GPMS007M,GPMS007M-ROAMLIMS,ROAMLIMS,0,0,1
GPMS007M,GPMS007M-SRVOPTS,SRVOPTS,0,0,9
GPMS008M,GPMS008M-MOBSRV,MOBSRV,0,2,2
GPMS008M,GPMS008M-ROAMLIMS,ROAMLIMS,0,0,1
GPMS008M,GPMS008M-SRVOPTS,SRVOPTS,0,0,9
GPMS009M,GPMS009M-MOBSRV,MOBSRV,0,2,2
GPMS009M,GPMS009M-ROAMLIMS,ROAMLIMS,0,0,1
GPMS009M,GPMS009M-SRVOPTS,SRVOPTS,0,0,9
GPMS010M,GPMS010M-MOBSRV,MOBSRV,0,2,2
GPMS010M,GPMS010M-ROAMLIMS,ROAMLIMS,0,0,1
GPMS010M,GPMS010M-SRVOPTS,SRVOPTS,0,0,9
GPMS011M,GPMS011M-MOBSRV,MOBSRV,0,2,2
GPMS011M,GPMS011M-ROAMLIMS,ROAMLIMS,0,0,1
GPMS011M,GPMS011M-SRVOPTS,SRVOPTS,0,0,9
GPMS012M,GPMS012M-MOBSRV,MOBSRV,0,2,2
GPMS012M,GPMS012M-ROAMLIMS,ROAMLIMS,0,0,1
GPMS012M,GPMS012M-SRVOPTS,SRVOPTS,0,0,9
GPMS013M,GPMS013M-MOBSRV,MOBSRV,0,2,2
GPMS013M,GPMS013M-ROAMLIMS,ROAMLIMS,0,0,1
GPMS013M,GPMS013M-SRVOPTS,SRVOPTS,0,0,9
GPMS014M,GPMS014M-MOBSRV,MOBSRV,0,2,2
GPMS014M,GPMS014M-ROAMLIMS,ROAMLIMS,0,0,1
GPMS014M,GPMS014M-SRVOPTS,SRVOPTS,0,0,9
GPMS015M,GPMS015M-MOBSRV,MOBSRV,0,2,2
GPMS015M,GPMS015M-ROAMLIMS,ROAMLIMS,0,0,1
GPMS015M,GPMS015M-SRVOPTS,SRVOPTS,0,0,9
GPMS016M,GPMS016M-MOBSRV,MOBSRV,0,2,2
GPMS016M,GPMS016M-ROAMLIMS,ROAMLIMS,0,0,1
GPMS016M,GPMS016M-SRVOPTS,SRVOPTS,0,0,9
GPMS017M,GPMS017M-MOBSRV,MOBSRV,0,2,2
GPMS017M,GPMS017M-ROAMLIMS,ROAMLIMS,0,0,1
GPMS017M,GPMS017M-SRVOPTS,SRVOPTS,0,0,9
GPMS018M,GPMS018M-MOBSRV,MOBSRV,0,2,2
GPMS018M,GPMS018M-ROAMLIMS,ROAMLIMS,0,0,1
GPMS018M,GPMS018M-SRVOPTS,SRVOPTS,0,0,9
GPMS020M,GPMS020M-MOBPP,MOBPP,0,2,2
GPMS020M,GPMS020M-ROAMLIMS,ROAMLIMS,0,0,1
GPMS020M,GPMS020M-SRVOPTS,SRVOPTS,0,0,9
GPMS021M,GPMS021M-MOBPP,MOBPP,0,2,2
GPMS021M,GPMS021M-ROAMLIMS,ROAMLIMS,0,0,1
GPMS021M,GPMS021M-SRVOPTS,SRVOPTS,0,0,9
GPMS022M,GPMS022M-MOBPP,MOBPP,1,1,1
GPMS022M,GPMS022M-ROAMLIMS,ROAMLIMS,0,2,2
GPMS022M,GPMS022M-SRVOPTS,SRVOPTS,0,0,14
GPMS025M,GPMS025M-MOBBOOST,MOBBOOST,0,0,10
GPMS025M,GPMS025M-MOBSRV,MOBSRV,0,2,2
GPMS002M,GPMS002M-MOBBOOST,MOBBOOST,0,0,10
GPMS025M,GPMS025M-ROAMLIMS,ROAMLIMS,0,0,1
GPMS026M,GPMS026M-MOBBOOST,MOBBOOST,0,0,10
GPMS025M,GPMS025M-SRVOPTS,SRVOPTS,0,0,9
GPMS026M,GPMS026M-MOBSRV,MOBSRV,0,2,2
GPMS026M,GPMS026M-ROAMLIMS,ROAMLIMS,0,0,1
GPMS026M,GPMS026M-SRVOPTS,SRVOPTS,0,0,9
GPMS027M,GPMS027M-MOBBOOST,MOBBOOST,0,0,10
GPMS027M,GPMS027M-MOBSRV,MOBSRV,0,2,2
GPMS027M,GPMS027M-ROAMLIMS,ROAMLIMS,0,0,1
GPMS027M,GPMS027M-SRVOPTS,SRVOPTS,0,0,9
GPMS028M,GPMS028M-MOBBOOST,MOBBOOST,0,0,10
GPMS028M,GPMS028M-MOBSRV,MOBSRV,0,2,2
GPMS028M,GPMS028M-ROAMLIMS,ROAMLIMS,0,0,1
GPMS028M,GPMS028M-SRVOPTS,SRVOPTS,0,0,9
GPMS029M,GPMS029M-MOBBOOST,MOBBOOST,0,0,10
GPMS029M,GPMS029M-MOBSRV,MOBSRV,0,2,2
GPMS029M,GPMS029M-ROAMLIMS,ROAMLIMS,0,0,1
GPMS029M,GPMS029M-SRVOPTS,SRVOPTS,0,0,9
GPMS030M,GPMS030M-MOBBOOST,MOBBOOST,0,0,10
GPMS030M,GPMS030M-MOBSRV,MOBSRV,0,2,2
GPMS030M,GPMS030M-ROAMLIMS,ROAMLIMS,0,0,1
GPMS031M,GPMS031M-MOBBOOST,MOBBOOST,0,0,10
GPMS030M,GPMS030M-SRVOPTS,SRVOPTS,0,0,9
GPMS031M,GPMS031M-MOBSRV,MOBSRV,0,2,2
GPMS031M,GPMS031M-ROAMLIMS,ROAMLIMS,0,0,1
GPMS031M,GPMS031M-SRVOPTS,SRVOPTS,0,0,9
GPMS032M,GPMS032M-MOBBOOST,MOBBOOST,0,0,10
GPMS032M,GPMS032M-MOBSRV,MOBSRV,0,2,2
GPMS032M,GPMS032M-ROAMLIMS,ROAMLIMS,0,0,1
GPMS032M,GPMS032M-SRVOPTS,SRVOPTS,0,0,9
GPMS033M,GPMS033M-MOBBOOST,MOBBOOST,0,0,10
GPMS033M,GPMS033M-MOBSRV,MOBSRV,0,2,2
GPMS033M,GPMS033M-ROAMLIMS,ROAMLIMS,0,0,1
GPMS033M,GPMS033M-SRVOPTS,SRVOPTS,0,0,9
GPMS034M,GPMS034M-MOBBOOST,MOBBOOST,0,0,10
GPMS034M,GPMS034M-MOBSRV,MOBSRV,0,2,2
GPMS034M,GPMS034M-ROAMLIMS,ROAMLIMS,0,0,1
GPMS034M,GPMS034M-SRVOPTS,SRVOPTS,0,0,9
GPMS035M,GPMS035M-MOBBOOST,MOBBOOST,0,0,10
GPMS035M,GPMS035M-MOBSRV,MOBSRV,0,2,2
GPMS035M,GPMS035M-ROAMLIMS,ROAMLIMS,0,0,1
GPMS035M,GPMS035M-SRVOPTS,SRVOPTS,0,0,9
GPMS036M,GPMS036M-MOBBOOST,MOBBOOST,0,0,10
GPMS036M,GPMS036M-MOBSRV,MOBSRV,0,2,2
GPMS036M,GPMS036M-ROAMLIMS,ROAMLIMS,0,0,1
GPMS036M,GPMS036M-SRVOPTS,SRVOPTS,0,0,9
GPMS037M,GPMS037M-MOBPP,MOBPP,0,2,2
GPMS037M,GPMS037M-ROAMLIMS,ROAMLIMS,0,0,1
GPMS038M,GPMS038M-MOBPP,MOBPP,0,2,2
GPMS038M,GPMS038M-ROAMLIMS,ROAMLIMS,0,0,1
GPMS038M,GPMS038M-SRVOPTS,SRVOPTS,0,0,9
GPMS040M,GPMS040M-MOBBOOST,MOBBOOST,0,0,10
GPMS040M,GPMS040M-MOBOPTS,MOBOPTS,0,0,10
GPMS040M,GPMS040M-MOBPLN,MOBPLN,1,1,1
GPMS040M,GPMS040M-MOBSERV,MOBSERV,0,2,2
GPMS041M,GPMS041M-MOBBOOST,MOBBOOST,0,0,10
GPMS041M,GPMS041M-MOBOPTS,MOBOPTS,0,0,10
GPMS041M,GPMS041M-MOBPLN,MOBPLN,1,1,1
GPMS041M,GPMS041M-MOBSERV,MOBSERV,0,2,2
GPMS042M,GPMS042M-MOBBOOST,MOBBOOST,0,0,10
GPMS042M,GPMS042M-MOBOPTS,MOBOPTS,0,0,10
GPMS042M,GPMS042M-MOBPLN,MOBPLN,1,1,1
GPMS042M,GPMS042M-MOBRDB,MOBRDB,0,0,1
GPMS042M,GPMS042M-MOBSERV,MOBSERV,0,2,2
GPMS043M,GPMS043M-MOBBOOST,MOBBOOST,0,0,10
GPMS043M,GPMS043M-MOBOPTS,MOBOPTS,0,0,10
GPMS043M,GPMS043M-MOBPLN,MOBPLN,1,1,1
GPMS043M,GPMS043M-MOBSERV,MOBSERV,0,2,2
GPMS045M,GPMS045M-MOBBOOST,MOBBOOST,0,0,10
GPMS045M,GPMS045M-MOBOPTS,MOBOPTS,0,0,10
GPMS045M,GPMS045M-MOBPLN,MOBPLN,1,1,1
GPMS045M,GPMS045M-MOBSERV,MOBSERV,0,2,2
GPMS046M,GPMS046M-HSAP13,HSAP13,0,0,0
GPMS046M,GPMS046M-HSAPSE,HSAPSE,0,0,0
GPMS046M,GPMS046M-HSOTHER,HSOTHER,0,0,0
GPMS046M,GPMS046M-HSSSA,HSSSA,0,0,0
GPMS046M,GPMS046M-HSSSFE,HSSSFE,0,0,0
GPMS046M,GPMS046M-HSSSS21,HSSSS21,0,0,0
GPMS046M,GPMS046M-HSSSS22,HSSSS22,0,0,0
GPMS046M,GPMS046M-HSSSZ,HSSSZ,0,0,0
GPMS046M,GPMS046M-MOBBOOST,MOBBOOST,0,0,10
GPMS046M,GPMS046M-MOBOPTS,MOBOPTS,0,0,10
GPMS046M,GPMS046M-MOBPLN,MOBPLN,1,1,1
GPMS046M,GPMS046M-MOBSERV,MOBSERV,0,2,2
GPMS047M,GPMS047M-HSAP13,HSAP13,0,0,0
GPMS047M,GPMS047M-HSAPSE,HSAPSE,0,0,0
GPMS047M,GPMS047M-HSOTHER,HSOTHER,0,0,0
GPMS047M,GPMS047M-HSSSA,HSSSA,0,0,0
GPMS047M,GPMS047M-HSSSFE,HSSSFE,0,0,0
GPMS047M,GPMS047M-HSSSS21,HSSSS21,0,0,0
GPMS047M,GPMS047M-HSSSS22,HSSSS22,0,0,0
GPMS047M,GPMS047M-HSSSZ,HSSSZ,0,0,0
GPMS047M,GPMS047M-MOBBOOST,MOBBOOST,0,0,10
GPMS047M,GPMS047M-MOBOPTS,MOBOPTS,0,0,10
GPMS047M,GPMS047M-MOBPLN,MOBPLN,1,1,1
GPMS047M,GPMS047M-MOBSERV,MOBSERV,0,2,2
GPMS048M,GPMS048M-HSAP13,HSAP13,0,0,0
GPMS048M,GPMS048M-HSAPSE,HSAPSE,0,0,0
GPMS048M,GPMS048M-HSOTHER,HSOTHER,0,0,0
GPMS048M,GPMS048M-HSSSA,HSSSA,0,0,0
GPMS048M,GPMS048M-HSSSFE,HSSSFE,0,0,0
GPMS048M,GPMS048M-HSSSS21,HSSSS21,0,0,0
GPMS048M,GPMS048M-HSSSS22,HSSSS22,0,0,0
GPMS048M,GPMS048M-HSSSZ,HSSSZ,0,0,0
GPMS048M,GPMS048M-MOBBOOST,MOBBOOST,0,0,10
GPMS048M,GPMS048M-MOBOPTS,MOBOPTS,0,0,10
GPMS048M,GPMS048M-MOBPLN,MOBPLN,1,1,1
GPMS048M,GPMS048M-MOBSERV,MOBSERV,0,2,2
GPMSLG01,GPMSLG01-MOBBBDP,MOBBBDP,0,0,0
GPMSLG01,GPMSLG01-MOBPLN,MOBPLN,1,1,1
GPMSLG01,GPMSLG01-MOBSRV,MOBSRV,0,0,0
GPMSLG01,GPMSLG01-ROAMLIMS,ROAMLIMS,0,0,0
GPMSLG01,GPMSLG01-SRVOPTS,SRVOPTS,0,0,0
GPMSLG02,GPMSLG02-MOBPP,MOBPP,0,0,0
GPMSLG02,GPMSLG02-MOBPPLN,MOBPPLN,0,0,0
GPMSLG02,GPMSLG02-ROAMLIMS,ROAMLIMS,0,0,0
GPMSLG02,GPMSLG02-SRVOPTS,SRVOPTS,0,0,0
IPMB0001,IPMB0001-MOBBBDP,MOBBBDP,0,1,1
IPMB0001,IPMB0001-MOBBBEX,MOBBBEX,0,0,3
IPMB0001,IPMB0001-MOBBBMIFI,MOBBBMIFI,0,0,1
IPMB0001,IPMB0001-MOBSRV,MOBSRV,0,1,1
IPMB0002,IPMB0002-MOBBBDP,MOBBBDP,0,1,1
IPMB0002,IPMB0002-MOBBBEX,MOBBBEX,0,0,3
IPMB0002,IPMB0002-MOBBBMIFI,MOBBBMIFI,0,0,1
IPMB0002,IPMB0002-MOBSRV,MOBSRV,0,1,1
IPMB0003,IPMB0003-MOBBBDP,MOBBBDP,0,1,1
IPMB0003,IPMB0003-MOBBBEX,MOBBBEX,0,0,3
IPMB0003,IPMB0003-MOBBBMIFI,MOBBBMIFI,0,0,1
IPMB0003,IPMB0003-MOBSRV,MOBSRV,0,1,1
IPMB0004,IPMB0004-MOBBBDPU,MOBBBDPU,0,1,1
IPMB0004,IPMB0004-MOBBBEX,MOBBBEX,0,0,3
IPMB0004,IPMB0004-MOBBBMIFI,MOBBBMIFI,0,0,1
IPMB0004,IPMB0004-MOBSRV,MOBSRV,0,1,1
IPMS001M,IPMS001M-MOBBOOST,MOBBOOST,0,0,10
IPMS001M,IPMS001M-MOBSRV,MOBSRV,0,2,2
IPMS001M,IPMS001M-ROAMLIMS,ROAMLIMS,0,0,1
IPMS001M,IPMS001M-SRVOPTS,SRVOPTS,0,0,14
IPMS002M,IPMS002M-MOBBOOST,MOBBOOST,0,0,10
IPMS002M,IPMS002M-MOBSRV,MOBSRV,0,2,2
IPMS002M,IPMS002M-ROAMLIMS,ROAMLIMS,0,0,1
IPMS002M,IPMS002M-SRVOPTS,SRVOPTS,0,0,14
IPMS003M,IPMS003M-MOBBOOST,MOBBOOST,0,0,10
IPMS003M,IPMS003M-MOBSRV,MOBSRV,0,2,2
IPMS003M,IPMS003M-ROAMLIMS,ROAMLIMS,0,0,1
IPMS003M,IPMS003M-SRVOPTS,SRVOPTS,0,0,14
IPMS004M,IPMS004M-MOBBOOST,MOBBOOST,0,0,10
IPMS004M,IPMS004M-MOBSRV,MOBSRV,0,2,2
IPMS004M,IPMS004M-ROAMLIMS,ROAMLIMS,0,0,1
IPMS004M,IPMS004M-SRVOPTS,SRVOPTS,0,0,14
IPMS005M,IPMS005M-MOBBOOST,MOBBOOST,0,0,10
IPMS005M,IPMS005M-MOBSRV,MOBSRV,0,2,2
IPMS005M,IPMS005M-ROAMLIMS,ROAMLIMS,0,0,1
IPMS005M,IPMS005M-SRVOPTS,SRVOPTS,0,0,14
IPMS006M,IPMS006M-MOBBOOST,MOBBOOST,0,0,10
IPMS006M,IPMS006M-MOBSRV,MOBSRV,0,2,2
IPMS006M,IPMS006M-ROAMLIMS,ROAMLIMS,0,0,1
IPMS006M,IPMS006M-SRVOPTS,SRVOPTS,0,0,14
IPMS007M,IPMS007M-MOBBOOST,MOBBOOST,0,0,10
IPMS007M,IPMS007M-MOBSRV,MOBSRV,0,2,2
IPMS007M,IPMS007M-ROAMLIMS,ROAMLIMS,0,0,1
IPMS007M,IPMS007M-SRVOPTS,SRVOPTS,0,0,14
IPMS008M,IPMS008M-MOBBOOST,MOBBOOST,0,0,10
IPMS008M,IPMS008M-MOBSRV,MOBSRV,0,2,2
IPMS008M,IPMS008M-ROAMLIMS,ROAMLIMS,0,0,1
IPMS008M,IPMS008M-SRVOPTS,SRVOPTS,0,0,14
IPMS009M,IPMS009M-MOBBOOST,MOBBOOST,0,0,10
IPMS009M,IPMS009M-MOBSRV,MOBSRV,0,2,2
IPMS009M,IPMS009M-ROAMLIMS,ROAMLIMS,0,0,1
IPMS009M,IPMS009M-SRVOPTS,SRVOPTS,0,0,14
IPMS010M,IPMS010M-MOBBOOST,MOBBOOST,0,0,10
IPMS010M,IPMS010M-MOBSRV,MOBSRV,0,2,2
IPMS010M,IPMS010M-ROAMLIMS,ROAMLIMS,0,0,1
IPMS010M,IPMS010M-SRVOPTS,SRVOPTS,0,0,14
IPMS011M,IPMS011M-MOBBOOST,MOBBOOST,0,0,10
IPMS011M,IPMS011M-MOBSRV,MOBSRV,0,2,2
IPMS011M,IPMS011M-ROAMLIMS,ROAMLIMS,0,0,1
IPMS011M,IPMS011M-SRVOPTS,SRVOPTS,0,0,14
IPMS012M,IPMS012M-MOBBOOST,MOBBOOST,0,0,10
IPMS012M,IPMS012M-MOBSRV,MOBSRV,0,2,2
IPMS012M,IPMS012M-ROAMLIMS,ROAMLIMS,0,0,1
IPMS012M,IPMS012M-SRVOPTS,SRVOPTS,0,0,14
IPMS013M,IPMS013M-MOBSRV,MOBSRV,0,2,2
IPMS013M,IPMS013M-ROAMLIMS,ROAMLIMS,0,0,1
IPMS013M,IPMS013M-SRVOPTS,SRVOPTS,0,0,14
IPMS014M,IPMS014M-MOBSRV,MOBSRV,0,2,2
IPMS014M,IPMS014M-ROAMLIMS,ROAMLIMS,0,0,1
IPMS014M,IPMS014M-SRVOPTS,SRVOPTS,0,0,14
IPMS015M,IPMS015M-MOBSRV,MOBSRV,0,2,2
IPMS015M,IPMS015M-ROAMLIMS,ROAMLIMS,0,0,1
IPMS015M,IPMS015M-SRVOPTS,SRVOPTS,0,0,14
IPMS019M,IPMS019M-MOBPP,MOBPP,0,2,2
IPMS019M,IPMS019M-ROAMLIMS,ROAMLIMS,0,0,1
IPMS019M,IPMS019M-SRVOPTS,SRVOPTS,0,0,14
IPMS020M,IPMS020M-MOBPP,MOBPP,1,1,1
IPMS020M,IPMS020M-ROAMLIMS,ROAMLIMS,0,2,2
IPMS020M,IPMS020M-SRVOPTS,SRVOPTS,0,0,14
IPMS040M,IPMS040M-HSAP13,HSAP13,0,0,0
IPMS040M,IPMS040M-HSAPSE,HSAPSE,0,0,0
IPMS040M,IPMS040M-HSOTHER,HSOTHER,0,0,0
IPMS040M,IPMS040M-HSSSA,HSSSA,0,0,0
IPMS040M,IPMS040M-HSSSFE,HSSSFE,0,0,0
IPMS040M,IPMS040M-HSSSS21,HSSSS21,0,0,0
IPMS040M,IPMS040M-HSSSS22,HSSSS22,0,0,0
IPMS040M,IPMS040M-HSSSZ,HSSSZ,0,0,0
IPMS040M,IPMS040M-MOBBOOST,MOBBOOST,0,0,10
IPMS040M,IPMS040M-MOBOPTS,MOBOPTS,0,0,10
IPMS040M,IPMS040M-MOBPLN,MOBPLN,1,1,1
IPMS040M,IPMS040M-MOBSERV,MOBSERV,0,2,2
IPMS041M,IPMS041M-HSAP13,HSAP13,0,0,0
IPMS041M,IPMS041M-HSAPSE,HSAPSE,0,0,0
IPMS041M,IPMS041M-HSOTHER,HSOTHER,0,0,0
IPMS041M,IPMS041M-HSSSA,HSSSA,0,0,0
IPMS041M,IPMS041M-HSSSFE,HSSSFE,0,0,0
IPMS041M,IPMS041M-HSSSS21,HSSSS21,0,0,0
IPMS041M,IPMS041M-HSSSS22,HSSSS22,0,0,0
IPMS041M,IPMS041M-HSSSZ,HSSSZ,0,0,0
IPMS041M,IPMS041M-MOBBOOST,MOBBOOST,0,0,10
IPMS041M,IPMS041M-MOBOPTS,MOBOPTS,0,0,10
IPMS041M,IPMS041M-MOBPLN,MOBPLN,1,1,1
IPMS041M,IPMS041M-MOBSERV,MOBSERV,0,2,2
IPMS042M,IPMS042M-MOBBOOST,MOBBOOST,0,0,10
IPMS042M,IPMS042M-MOBOPTS,MOBOPTS,0,0,10
IPMS042M,IPMS042M-MOBPLN,MOBPLN,1,1,1
IPMS042M,IPMS042M-MOBSERV,MOBSERV,0,2,2
IPMS043M,IPMS043M-HSAP13,HSAP13,0,0,0
IPMS043M,IPMS043M-HSAPSE,HSAPSE,0,0,0
IPMS043M,IPMS043M-HSOTHER,HSOTHER,0,0,0
IPMS043M,IPMS043M-HSSSA,HSSSA,0,0,0
IPMS043M,IPMS043M-HSSSFE,HSSSFE,0,0,0
IPMS043M,IPMS043M-HSSSS21,HSSSS21,0,0,0
IPMS043M,IPMS043M-HSSSS22,HSSSS22,0,0,0
IPMS043M,IPMS043M-HSSSZ,HSSSZ,0,0,0
IPMS043M,IPMS043M-MOBBOOST,MOBBOOST,0,0,10
IPMS043M,IPMS043M-MOBOPTS,MOBOPTS,0,0,10
IPMS043M,IPMS043M-MOBPLN,MOBPLN,1,1,1
IPMS043M,IPMS043M-MOBSERV,MOBSERV,0,2,2
IPMS043M,IPMS043M-SRVOPTS,SRVOPTS,0,0,10
IPMSLG01,IPMSLG01-MOBBBDP,MOBBBDP,0,0,0
IPMSLG01,IPMSLG01-MOBPLN,MOBPLN,1,1,1
IPMSLG01,IPMSLG01-MOBSRV,MOBSRV,0,0,0
IPMSLG01,IPMSLG01-ROAMLIMS,ROAMLIMS,0,0,0
IPMSLG01,IPMSLG01-SRVOPTS,SRVOPTS,0,0,0
IPMSLG02,IPMSLG02-MOBPP,MOBPP,0,0,0
IPMSLG02,IPMSLG02-MOBPPLN,MOBPPLN,0,0,0
IPMSLG02,IPMSLG02-ROAMLIMS,ROAMLIMS,0,0,0
IPMSLG02,IPMSLG02-SRVOPTS,SRVOPTS,0,0,0
JPMB0001,JPMB0001-MOBBBDP,MOBBBDP,0,1,1
JPMB0001,JPMB0001-MOBBBEX,MOBBBEX,0,0,3
JPMB0001,JPMB0001-MOBBBMIFI,MOBBBMIFI,0,0,1
JPMB0001,JPMB0001-MOBSRV,MOBSRV,0,1,1
JPMB0002,JPMB0002-MOBBBDP,MOBBBDP,0,1,1
JPMB0002,JPMB0002-MOBBBEX,MOBBBEX,0,0,3
JPMB0002,JPMB0002-MOBBBMIFI,MOBBBMIFI,0,0,1
JPMB0002,JPMB0002-MOBSRV,MOBSRV,0,1,1
JPMB0003,JPMB0003-MOBBBDP,MOBBBDP,0,1,1
JPMB0003,JPMB0003-MOBBBEX,MOBBBEX,0,0,3
JPMB0003,JPMB0003-MOBBBMIFI,MOBBBMIFI,0,0,1
JPMB0003,JPMB0003-MOBSRV,MOBSRV,0,1,1
JPMS001M,JPMS001M-MOBSRV,MOBSRV,0,2,2
JPMS001M,JPMS001M-ROAMLIMS,ROAMLIMS,0,0,1
JPMS001M,JPMS001M-SRVOPTS,SRVOPTS,0,0,10
JPMS002M,JPMS002M-MOBSRV,MOBSRV,0,2,2
JPMS002M,JPMS002M-ROAMLIMS,ROAMLIMS,0,0,1
JPMS002M,JPMS002M-SRVOPTS,SRVOPTS,0,0,10
JPMS003M,JPMS003M-MOBSRV,MOBSRV,0,2,2
JPMS003M,JPMS003M-ROAMLIMS,ROAMLIMS,0,0,1
JPMS003M,JPMS003M-SRVOPTS,SRVOPTS,0,0,10
JPMS004M,JPMS004M-MOBSRV,MOBSRV,0,2,2
JPMS004M,JPMS004M-ROAMLIMS,ROAMLIMS,0,0,1
JPMS004M,JPMS004M-SRVOPTS,SRVOPTS,0,0,10
JPMS005M,JPMS005M-MOBSRV,MOBSRV,0,2,2
JPMS005M,JPMS005M-ROAMLIMS,ROAMLIMS,0,0,1
JPMS005M,JPMS005M-SRVOPTS,SRVOPTS,0,0,10
JPMS006M,JPMS006M-MOBSRV,MOBSRV,0,2,2
JPMS006M,JPMS006M-ROAMLIMS,ROAMLIMS,0,0,1
JPMS006M,JPMS006M-SRVOPTS,SRVOPTS,0,0,10
JPMS007M,JPMS007M-MOBSRV,MOBSRV,0,2,2
JPMS007M,JPMS007M-ROAMLIMS,ROAMLIMS,0,0,1
JPMS007M,JPMS007M-SRVOPTS,SRVOPTS,0,0,10
JPMS008M,JPMS008M-MOBSRV,MOBSRV,0,2,2
JPMS008M,JPMS008M-ROAMLIMS,ROAMLIMS,0,0,1
JPMS008M,JPMS008M-SRVOPTS,SRVOPTS,0,0,10
JPMS009M,JPMS009M-MOBSRV,MOBSRV,0,2,2
JPMS009M,JPMS009M-ROAMLIMS,ROAMLIMS,0,0,1
JPMS009M,JPMS009M-SRVOPTS,SRVOPTS,0,0,10
JPMS010M,JPMS010M-MOBSRV,MOBSRV,0,2,2
JPMS010M,JPMS010M-ROAMLIMS,ROAMLIMS,0,0,1
JPMS010M,JPMS010M-SRVOPTS,SRVOPTS,0,0,10
JPMS011M,JPMS011M-MOBSRV,MOBSRV,0,2,2
JPMS011M,JPMS011M-ROAMLIMS,ROAMLIMS,0,0,1
JPMS011M,JPMS011M-SRVOPTS,SRVOPTS,0,0,10
JPMS012M,JPMS012M-MOBSRV,MOBSRV,0,2,2
JPMS012M,JPMS012M-ROAMLIMS,ROAMLIMS,0,0,1
JPMS012M,JPMS012M-SRVOPTS,SRVOPTS,0,0,10
JPMS013M,JPMS013M-MOBSRV,MOBSRV,0,2,2
JPMS013M,JPMS013M-ROAMLIMS,ROAMLIMS,0,0,1
JPMS013M,JPMS013M-SRVOPTS,SRVOPTS,0,0,10
JPMS014M,JPMS014M-MOBSRV,MOBSRV,0,2,2
JPMS014M,JPMS014M-ROAMLIMS,ROAMLIMS,0,0,1
JPMS014M,JPMS014M-SRVOPTS,SRVOPTS,0,0,10
JPMS015M,JPMS015M-MOBSRV,MOBSRV,0,2,2
JPMS015M,JPMS015M-ROAMLIMS,ROAMLIMS,0,0,1
JPMS015M,JPMS015M-SRVOPTS,SRVOPTS,0,0,10
JPMS016M,JPMS016M-MOBSRV,MOBSRV,0,2,2
JPMS016M,JPMS016M-ROAMLIMS,ROAMLIMS,0,0,1
JPMS016M,JPMS016M-SRVOPTS,SRVOPTS,0,0,10
JPMS017M,JPMS017M-MOBSRV,MOBSRV,0,2,2
JPMS017M,JPMS017M-ROAMLIMS,ROAMLIMS,0,0,1
JPMS017M,JPMS017M-SRVOPTS,SRVOPTS,0,0,10
JPMS018M,JPMS018M-MOBSRV,MOBSRV,0,2,2
JPMS018M,JPMS018M-ROAMLIMS,ROAMLIMS,0,0,1
JPMS018M,JPMS018M-SRVOPTS,SRVOPTS,0,0,10
JPMS019M,JPMS019M-MOBPP,MOBPP,0,2,2
JPMS019M,JPMS019M-ROAMLIMS,ROAMLIMS,0,0,1
JPMS019M,JPMS019M-SRVOPTS,SRVOPTS,0,0,10
JPMS020M,JPMS020M-MOBPP,MOBPP,0,2,2
JPMS020M,JPMS020M-ROAMLIMS,ROAMLIMS,0,0,1
JPMS020M,JPMS020M-SRVOPTS,SRVOPTS,0,0,10
JPMS021M,JPMS021M-MOBPP,MOBPP,1,1,1
JPMS021M,JPMS021M-ROAMLIMS,ROAMLIMS,0,2,2
JPMS021M,JPMS021M-SRVOPTS,SRVOPTS,0,0,14
JPMS025M,JPMS025M-MOBBOOST,MOBBOOST,0,0,10
JPMS025M,JPMS025M-MOBSRV,MOBSRV,0,2,2
JPMS025M,JPMS025M-ROAMLIMS,ROAMLIMS,0,0,1
JPMS025M,JPMS025M-SRVOPTS,SRVOPTS,0,0,10
JPMS026M,JPMS026M-MOBBOOST,MOBBOOST,0,0,10
JPMS026M,JPMS026M-MOBSRV,MOBSRV,0,2,2
JPMS026M,JPMS026M-ROAMLIMS,ROAMLIMS,0,0,1
JPMS026M,JPMS026M-SRVOPTS,SRVOPTS,0,0,10
JPMS027M,JPMS027M-MOBBOOST,MOBBOOST,0,0,10
JPMS027M,JPMS027M-MOBSRV,MOBSRV,0,2,2
JPMS027M,JPMS027M-ROAMLIMS,ROAMLIMS,0,0,1
JPMS027M,JPMS027M-SRVOPTS,SRVOPTS,0,0,10
JPMS028M,JPMS028M-MOBBOOST,MOBBOOST,0,0,10
JPMS028M,JPMS028M-MOBSRV,MOBSRV,0,2,2
JPMS028M,JPMS028M-ROAMLIMS,ROAMLIMS,0,0,1
JPMS028M,JPMS028M-SRVOPTS,SRVOPTS,0,0,10
JPMS029M,JPMS029M-MOBBOOST,MOBBOOST,0,0,10
JPMS029M,JPMS029M-MOBSRV,MOBSRV,0,2,2
JPMS029M,JPMS029M-ROAMLIMS,ROAMLIMS,0,0,1
JPMS029M,JPMS029M-SRVOPTS,SRVOPTS,0,0,10
JPMS030M,JPMS030M-MOBBOOST,MOBBOOST,0,0,10
JPMS030M,JPMS030M-MOBSRV,MOBSRV,0,2,2
JPMS030M,JPMS030M-ROAMLIMS,ROAMLIMS,0,0,1
JPMS030M,JPMS030M-SRVOPTS,SRVOPTS,0,0,10
JPMS031M,JPMS031M-MOBBOOST,MOBBOOST,0,0,10
JPMS031M,JPMS031M-MOBSRV,MOBSRV,0,2,2
JPMS031M,JPMS031M-ROAMLIMS,ROAMLIMS,0,0,1
JPMS031M,JPMS031M-SRVOPTS,SRVOPTS,0,0,10
JPMS032M,JPMS032M-MOBBOOST,MOBBOOST,0,0,10
JPMS032M,JPMS032M-MOBSRV,MOBSRV,0,2,2
JPMS032M,JPMS032M-ROAMLIMS,ROAMLIMS,0,0,1
JPMS032M,JPMS032M-SRVOPTS,SRVOPTS,0,0,10
JPMS033M,JPMS033M-MOBBOOST,MOBBOOST,0,0,10
JPMS033M,JPMS033M-MOBSRV,MOBSRV,0,2,2
JPMS033M,JPMS033M-ROAMLIMS,ROAMLIMS,0,0,1
JPMS033M,JPMS033M-SRVOPTS,SRVOPTS,0,0,10
JPMS034M,JPMS034M-MOBBOOST,MOBBOOST,0,0,10
JPMS034M,JPMS034M-MOBSRV,MOBSRV,0,2,2
JPMS034M,JPMS034M-ROAMLIMS,ROAMLIMS,0,0,1
JPMS034M,JPMS034M-SRVOPTS,SRVOPTS,0,0,10
JPMS035M,JPMS035M-MOBBOOST,MOBBOOST,0,0,10
JPMS035M,JPMS035M-MOBSRV,MOBSRV,0,2,2
JPMS035M,JPMS035M-ROAMLIMS,ROAMLIMS,0,0,1
JPMS035M,JPMS035M-SRVOPTS,SRVOPTS,0,0,10
JPMS036M,JPMS036M-MOBBOOST,MOBBOOST,0,0,10
JPMS036M,JPMS036M-MOBSRV,MOBSRV,0,2,2
JPMS036M,JPMS036M-ROAMLIMS,ROAMLIMS,0,0,1
JPMS036M,JPMS036M-SRVOPTS,SRVOPTS,0,0,10
JPMS037M,JPMS037M-MOBPP,MOBPP,0,2,2
JPMS037M,JPMS037M-ROAMLIMS,ROAMLIMS,0,0,1
JPMS037M,JPMS037M-SRVOPTS,SRVOPTS,0,0,10
JPMS038M,JPMS038M-MOBPP,MOBPP,0,2,2
JPMS038M,JPMS038M-ROAMLIMS,ROAMLIMS,0,0,1
JPMS038M,JPMS038M-SRVOPTS,SRVOPTS,0,0,10
JPMS040M,JPMS040M-MOBBOOST,MOBBOOST,0,0,10
JPMS040M,JPMS040M-MOBOPTS,MOBOPTS,0,0,10
JPMS040M,JPMS040M-MOBPLN,MOBPLN,1,1,1
JPMS040M,JPMS040M-MOBSERV,MOBSERV,0,2,2
JPMS041M,JPMS041M-MOBBOOST,MOBBOOST,0,0,10
JPMS041M,JPMS041M-MOBOPTS,MOBOPTS,0,0,10
JPMS041M,JPMS041M-MOBPLN,MOBPLN,1,1,1
JPMS041M,JPMS041M-MOBSERV,MOBSERV,0,2,2
JPMS042M,JPMS042M-MOBBOOST,MOBBOOST,0,0,10
JPMS042M,JPMS042M-MOBOPTS,MOBOPTS,0,0,10
JPMS042M,JPMS042M-MOBPLN,MOBPLN,1,1,1
JPMS042M,JPMS042M-MOBSERV,MOBSERV,0,2,2
JPMS043M,JPMS043M-MOBBOOST,MOBBOOST,0,0,10
JPMS043M,JPMS043M-MOBOPTS,MOBOPTS,0,0,10
JPMS043M,JPMS043M-MOBPLN,MOBPLN,1,1,1
JPMS043M,JPMS043M-MOBSERV,MOBSERV,0,2,2
JPMS045M,JPMS045M-MOBBOOST,MOBBOOST,0,0,10
JPMS045M,JPMS045M-MOBOPTS,MOBOPTS,0,0,10
JPMS045M,JPMS045M-MOBPLN,MOBPLN,1,1,1
JPMS045M,JPMS045M-MOBSERV,MOBSERV,0,2,2
JPMS046M,JPMS046M-HSAP13,HSAP13,0,0,0
JPMS046M,JPMS046M-HSAPSE,HSAPSE,0,0,0
JPMS046M,JPMS046M-HSOTHER,HSOTHER,0,0,0
JPMS046M,JPMS046M-HSSSA,HSSSA,0,0,0
JPMS046M,JPMS046M-HSSSFE,HSSSFE,0,0,0
JPMS046M,JPMS046M-HSSSS21,HSSSS21,0,0,0
JPMS046M,JPMS046M-HSSSS22,HSSSS22,0,0,0
JPMS046M,JPMS046M-HSSSZ,HSSSZ,0,0,0
JPMS046M,JPMS046M-MOBBOOST,MOBBOOST,0,0,10
JPMS046M,JPMS046M-MOBOPTS,MOBOPTS,0,0,10
JPMS046M,JPMS046M-MOBPLN,MOBPLN,1,1,1
JPMS046M,JPMS046M-MOBSERV,MOBSERV,0,2,2
JPMS047M,JPMS047M-HSAP13,HSAP13,0,0,0
JPMS047M,JPMS047M-HSAPSE,HSAPSE,0,0,0
JPMS047M,JPMS047M-HSOTHER,HSOTHER,0,0,0
JPMS047M,JPMS047M-HSSSA,HSSSA,0,0,0
JPMS047M,JPMS047M-HSSSFE,HSSSFE,0,0,0
JPMS047M,JPMS047M-HSSSS21,HSSSS21,0,0,0
JPMS047M,JPMS047M-HSSSS22,HSSSS22,0,0,0
JPMS047M,JPMS047M-HSSSZ,HSSSZ,0,0,0
JPMS047M,JPMS047M-MOBBOOST,MOBBOOST,0,0,10
JPMS047M,JPMS047M-MOBOPTS,MOBOPTS,0,0,10
JPMS047M,JPMS047M-MOBPLN,MOBPLN,1,1,1
JPMS047M,JPMS047M-MOBSERV,MOBSERV,0,2,2
JPMS048M,JPMS048M-HSAP13,HSAP13,0,0,0
JPMS048M,JPMS048M-HSAPSE,HSAPSE,0,0,0
JPMS048M,JPMS048M-HSOTHER,HSOTHER,0,0,0
JPMS048M,JPMS048M-HSSSA,HSSSA,0,0,0
JPMS048M,JPMS048M-HSSSFE,HSSSFE,0,0,0
JPMS048M,JPMS048M-HSSSS21,HSSSS21,0,0,0
JPMS048M,JPMS048M-HSSSS22,HSSSS22,0,0,0
JPMS048M,JPMS048M-HSSSZ,HSSSZ,0,0,0
JPMS048M,JPMS048M-MOBBOOST,MOBBOOST,0,0,10
JPMS048M,JPMS048M-MOBOPTS,MOBOPTS,0,0,10
JPMS048M,JPMS048M-MOBPLN,MOBPLN,1,1,1
JPMS048M,JPMS048M-MOBSERV,MOBSERV,0,2,2
JPMSLG01,JPMSLG01-MOBBBDP,MOBBBDP,0,0,0
JPMSLG01,JPMSLG01-MOBPLN,MOBPLN,0,1,1
JPMSLG01,JPMSLG01-MOBSRV,MOBSRV,0,0,0
JPMSLG01,JPMSLG01-ROAMLIMS,ROAMLIMS,0,0,0
JPMSLG01,JPMSLG01-SRVOPTS,SRVOPTS,0,0,0
JPMSLG02,JPMSLG02-MOBPP,MOBPP,0,0,0
JPMSLG02,JPMSLG02-MOBPPLN,MOBPPLN,0,0,0
JPMSLG02,JPMSLG02-ROAMLIMS,ROAMLIMS,0,0,0
JPMSLG02,JPMSLG02-SRVOPTS,SRVOPTS,0,0,0
GPMS037M,GPMS037M-SRVOPTS,SRVOPTS,0,0,9
